{
  "project_info": {
    "project_number": "136073493814",
    "project_id": "expense-manager-jc",
    "storage_bucket": "expense-manager-jc.firebasestorage.app"
  },
  "client": [
    {
      "client_info": {
        "mobilesdk_app_id": "1:136073493814:android:c88e317714f2c949818797",
        "android_client_info": {
          "package_name": "com.example.expanse_manager_firebase"
        }
      },
      "oauth_client": [],
      "api_key": [
        {
          "current_key": "AIzaSyB-J9fCzB6WHM9I3KaaQ1N2CH8lHvxZEVQ"
        }
      ],
      "services": {
        "appinvite_service": {
          "other_platform_oauth_client": []
        }
      }
    }
  ],
  "configuration_version": "1"
}