{"flutter":{"platforms":{"android":{"default":{"projectId":"blog-cpmad-app","appId":"1:1065502353738:android:2de4e3c080107cd12d79b3","fileOutput":"android/app/google-services.json"}},"dart":{"lib/firebase_options.dart":{"projectId":"blog-cpmad-app","configurations":{"android":"1:1065502353738:android:2de4e3c080107cd12d79b3","ios":"1:1065502353738:ios:b78128b9856dc46d2d79b3","macos":"1:1065502353738:ios:b78128b9856dc46d2d79b3","web":"1:1065502353738:web:4b62fe0222f4613f2d79b3","windows":"1:1065502353738:web:49343a27f40d10782d79b3"}}}}}}