{"flutter":{"platforms":{"android":{"default":{"projectId":"expense-tracker-cpmad","appId":"1:747554933486:android:57de5654f959154ff2c1ff","fileOutput":"android/app/google-services.json"}},"dart":{"lib/firebase_options.dart":{"projectId":"expense-tracker-cpmad","configurations":{"android":"1:747554933486:android:57de5654f959154ff2c1ff","ios":"1:747554933486:ios:7db439de1e61b757f2c1ff","macos":"1:747554933486:ios:7db439de1e61b757f2c1ff","web":"1:747554933486:web:ed10663a3fbaf3f0f2c1ff","windows":"1:747554933486:web:a600caf874d8e625f2c1ff"}}}}}}